Film;Year;URL
Wings;1928;www.imdb.com/title/tt0018578/
The Racket;1928;www.imdb.com/title/tt0019304/
7th Heaven;1928;www.imdb.com/title/tt0018379/
The Last Command;1928;www.imdb.com/title/tt0019071/
The Way of All Flesh;1928;www.imdb.com/title/tt0019553/
The Patent Leather Kid;1928;www.imdb.com/title/tt0018253/
The Noose;1928;www.imdb.com/title/tt0019217/
Street Angel;1928;www.imdb.com/title/tt0019429/
Sunrise: A Song of Two Humans;1928;www.imdb.com/title/tt0018455/
A Ship Comes In;1928;www.imdb.com/title/tt0018389/
Sadie Thompson;1928;www.imdb.com/title/tt0019344/
Sorrell and Son;1928;www.imdb.com/title/tt0018429/
The Crowd;1928;www.imdb.com/title/tt0018806/
Two Arabian Knights;1928;www.imdb.com/title/tt0018515/
Speedy;1928;www.imdb.com/title/tt0019412/
The Broadway Melody;1929;www.imdb.com/title/tt0019729/
Alibi;1929;www.imdb.com/title/tt0019630/
Hollywood Revue;1929;www.imdb.com/title/tt0019993/
In Old Arizona;1929;www.imdb.com/title/tt0020018/
The Patriot;1929;www.imdb.com/title/tt0019257/
Thunderbolt;1929;www.imdb.com/title/tt0020499/
The Valiant;1929;www.imdb.com/title/tt0020543/
Coquette;1929;www.imdb.com/title/tt0019788/
Madame X;1929;www.imdb.com/title/tt0020126/
The Barker;1929;www.imdb.com/title/tt0018674/
The Letter;1929;www.imdb.com/title/tt0020092/
The Divine Lady;1929;www.imdb.com/title/tt0019824/
All Quiet on the Western Front;1930;www.imdb.com/title/tt0020629/
The Big House;1930;www.imdb.com/title/tt0020686/
Disraeli;1930;www.imdb.com/title/tt0019823/
The Divorcee;1930;www.imdb.com/title/tt0020827/
The Love Parade;1930;www.imdb.com/title/tt0020112/
The Green Goddess;1930;www.imdb.com/title/tt0020938/
The Big Pond;1930;www.imdb.com/title/tt0020690/
Bulldog Drummond;1930;www.imdb.com/title/tt0019735/
Condemned;1930;www.imdb.com/title/tt0019785/
The Rogue Song;1930;www.imdb.com/title/tt0021307/
The Devil's Holiday;1930;www.imdb.com/title/tt0020823/
Sarah and Son;1930;www.imdb.com/title/tt0021335/
Anna Christie Romance;1930;www.imdb.com/title/tt0020641/
Their Own Desire;1930;www.imdb.com/title/tt0020488/
The Trespasser;1930;www.imdb.com/title/tt0020514/
Cimarron;1931;www.imdb.com/title/tt0021746/
East Lynne;1931;www.imdb.com/title/tt0021826/
The Front Page;1931;www.imdb.com/title/tt0021890/
Skippy;1931;www.imdb.com/title/tt0022397/
Trader Horn;1931;www.imdb.com/title/tt0022495/
A Free Soul;1931;www.imdb.com/title/tt0021885/
The Royal Family of Broadway;1931;www.imdb.com/title/tt0021322/
Min and Bill;1931;www.imdb.com/title/tt0021148/
Morocco;1931;www.imdb.com/title/tt0021156/
Holiday;1931;www.imdb.com/title/tt0020985/
Grand Hotel;1932;www.imdb.com/title/tt0022958/
Arrowsmith;1932;www.imdb.com/title/tt0021622/
Bad Girl;1932;www.imdb.com/title/tt0021635/
The Champ;1932;www.imdb.com/title/tt0021730/
Five Star Final;1932;www.imdb.com/title/tt0021873/
One Hour with You;1932;www.imdb.com/title/tt0023303/
Shanghai Express;1932;www.imdb.com/title/tt0023458/
The Smiling Lieutenant;1932;www.imdb.com/title/tt0022074/
Dr. Jekyll and Mr. Hyde;1932;www.imdb.com/title/tt0022835/
The Guardsman;1932;www.imdb.com/title/tt0021931/
The Sin of Madelon Claudet;1932;www.imdb.com/title/tt0022386/
Emma;1932;www.imdb.com/title/tt0022854/
Cavalcade ;1933;www.imdb.com/title/tt0023876/
42nd Street;1933;www.imdb.com/title/tt0024034/
A Farewell to Arms;1933;www.imdb.com/title/tt0022879/
I Am a Fugitive from a Chain Gang;1933;www.imdb.com/title/tt0023042/
Lady for a Day;1933;www.imdb.com/title/tt0024240/
Little Women;1933;www.imdb.com/title/tt0024264/
The Private Life of Henry VIII;1933;www.imdb.com/title/tt0024473/
She Done Him Wrong;1933;www.imdb.com/title/tt0024548/
Smilin' Through;1933;www.imdb.com/title/tt0023488/
State Fair;1933;www.imdb.com/title/tt0024610/
Berkeley Square;1933;www.imdb.com/title/tt0023794/
Morning Glory;1933;www.imdb.com/title/tt0024353/
It Happened One Night;1934;www.imdb.com/title/tt0025316/
The Barretts of Wimpole Street;1934;www.imdb.com/title/tt0024865/
Cleopatra;1934;www.imdb.com/title/tt0024991/
Flirtation Walk;1934;www.imdb.com/title/tt0025124/
The Gay Divorcee;1934;www.imdb.com/title/tt0025164/
Here Comes the Navy;1934;www.imdb.com/title/tt0025238/
The House of Rothschild;1934;www.imdb.com/title/tt0025272/
Imitation of Life;1934;www.imdb.com/title/tt0025301/
One Night of Love;1934;www.imdb.com/title/tt0025601/
The Thin Man;1934;www.imdb.com/title/tt0025878/
Viva Villa!;1934;www.imdb.com/title/tt0025948/
The White Parade;1934;www.imdb.com/title/tt0025986/
The Affairs of Cellini;1934;www.imdb.com/title/tt0024816/
Of Human Bondage;1934;www.imdb.com/title/tt0025586/
Mutiny on the Bounty;1935;www.imdb.com/title/tt0026752/
Alice Adams;1935;www.imdb.com/title/tt0026056/
Broadway Melody of 1936;1935;www.imdb.com/title/tt0026144/
Captain Blood;1935;www.imdb.com/title/tt0026174/
David Copperfield;1935;www.imdb.com/title/tt0026266/
The Informer;1935;www.imdb.com/title/tt0026529/
The Lives of a Bengal Lancer;1935;www.imdb.com/title/tt0026643/
A Midsummer Night's Dream;1935;www.imdb.com/title/tt0026714/
Les Misérables;1935;www.imdb.com/title/tt0026725/
Naughty Marietta;1935;www.imdb.com/title/tt0026768/
Ruggles of Red Gap;1935;www.imdb.com/title/tt0026955/
Black Fury;1935;www.imdb.com/title/tt0026121/
Top Hat;1935;www.imdb.com/title/tt0027125/
Dangerous;1935;www.imdb.com/title/tt0026261/
Escape Me Never;1935;www.imdb.com/title/tt0026320/
Private Worlds;1935;www.imdb.com/title/tt0026893/
Becky Sharp;1935;www.imdb.com/title/tt0026104/
The Dark Angel;1935;www.imdb.com/title/tt0026264/
The Great Ziegfeld;1936;www.imdb.com/title/tt0027698/
Anthony Adverse;1936;www.imdb.com/title/tt0027300/
Dodsworth;1936;www.imdb.com/title/tt0027532/
Libeled Lady;1936;www.imdb.com/title/tt0027884/
Mr. Deeds Goes to Town;1936;www.imdb.com/title/tt0027996/
Romeo and Juliet;1936;www.imdb.com/title/tt0028203/
San Francisco;1936;www.imdb.com/title/tt0028216/
The Story of Louis Pasteur;1936;www.imdb.com/title/tt0028313/
A Tale of Two Cities;1936;www.imdb.com/title/tt0027075/
Three Smart Girls;1936;www.imdb.com/title/tt0028373/
My Man Godfrey;1936;www.imdb.com/title/tt0028010/
Theodora Goes Wild;1936;www.imdb.com/title/tt0028355/
Valiant Is the Word for Carrie;1936;www.imdb.com/title/tt0028455/
Come and Get It;1936;www.imdb.com/title/tt0027459/
Pigskin Parade;1936;www.imdb.com/title/tt0028103/
The General Died at Dawn;1936;www.imdb.com/title/tt0027664/
The Gorgeous Hussy;1936;www.imdb.com/title/tt0027690/
These Three;1936;www.imdb.com/title/tt0028356/
The Life of Emile Zola;1937;www.imdb.com/title/tt0029146/
The Awful Truth;1937;www.imdb.com/title/tt0028597/
Captains Courageous;1937;www.imdb.com/title/tt0028691/
Dead End;1937;www.imdb.com/title/tt0028773/
The Good Earth;1937;www.imdb.com/title/tt0028944/
In Old Chicago;1937;www.imdb.com/title/tt0029047/
Lost Horizon;1937;www.imdb.com/title/tt0029162/
One Hundred Men and a Girl;1937;www.imdb.com/title/tt0029347/
Stage Door;1937;www.imdb.com/title/tt0029604/
A Star Is Born;1937;www.imdb.com/title/tt0029606/
Conquest;1937;www.imdb.com/title/tt0028739/
Night Must Fall;1937;www.imdb.com/title/tt0029310/
Camille;1937;www.imdb.com/title/tt0028683/
Stella Dallas;1937;www.imdb.com/title/tt0029608/
The Hurricane;1937;www.imdb.com/title/tt0029030/
Topper;1937;www.imdb.com/title/tt0029682/
You Can't Take It With You;1938;www.imdb.com/title/tt0030993/
The Adventures of Robin Hood;1938;www.imdb.com/title/tt0029843/
Alexander's Ragtime Band;1938;www.imdb.com/title/tt0029852/
Boys Town;1938;www.imdb.com/title/tt0029942/
The Citadel;1938;www.imdb.com/title/tt0029995/
Four Daughters;1938;www.imdb.com/title/tt0030149/
Grand Illusion;1938;www.imdb.com/title/tt0028950/
Jezebel;1938;www.imdb.com/title/tt0030287/
Pygmalion;1938;www.imdb.com/title/tt0030637/
Test Pilot;1938;www.imdb.com/title/tt0030848/
Algiers;1938;www.imdb.com/title/tt0029855/
Angels with Dirty Faces;1938;www.imdb.com/title/tt0029870/
White Banners;1938;www.imdb.com/title/tt0030973/
Marie Antoinette;1938;www.imdb.com/title/tt0030418/
Three Comrades;1938;www.imdb.com/title/tt0030865/
Kentucky;1938;www.imdb.com/title/tt0030317/
If I Were King;1938;www.imdb.com/title/tt0030265/
Of Human Hearts;1938;www.imdb.com/title/tt0030517/
Merrily We Live;1938;www.imdb.com/title/tt0030442/
The Great Waltz;1938;www.imdb.com/title/tt0030202/
Gone with the Wind;1939;www.imdb.com/title/tt0031381/
Dark Victory;1939;www.imdb.com/title/tt0031210/
Goodbye Mr. Chips;1939;www.imdb.com/title/tt0031385/
Love Affair;1939;www.imdb.com/title/tt0031593/
Mr. Smith Goes to Washington;1939;www.imdb.com/title/tt0031679/
Ninotchka;1939;www.imdb.com/title/tt0031725/
Of Mice and Men;1939;www.imdb.com/title/tt0031742/
Stagecoach;1939;www.imdb.com/title/tt0031971/
The Wizard of Oz;1939;www.imdb.com/title/tt0032138/
Wuthering Heights;1939;www.imdb.com/title/tt0032145/
Babes in Arms;1939;www.imdb.com/title/tt0031066/
Juarez;1939;www.imdb.com/title/tt0031516/
Beau Geste;1939;www.imdb.com/title/tt0031088/
Drums Along the Mohawk;1939;www.imdb.com/title/tt0031252/
Rebecca;1940;www.imdb.com/title/tt0032976/
All This and Heaven Too;1940;www.imdb.com/title/tt0032194/
Foreign Correspondent;1940;www.imdb.com/title/tt0032484/
The Grapes of Wrath;1940;www.imdb.com/title/tt0032551/
The Great Dictator;1940;www.imdb.com/title/tt0032553/
Kitty Foyle;1940;www.imdb.com/title/tt0032671/
The Letter;1940;www.imdb.com/title/tt0032701/
The Long Voyage Home;1940;www.imdb.com/title/tt0032728/
Our Town;1940;www.imdb.com/title/tt0032881/
The Philadelphia Story;1940;www.imdb.com/title/tt0032904/
Abe Lincoln in Illinois;1940;www.imdb.com/title/tt0032181/
The Westerner;1940;www.imdb.com/title/tt0033253/
They Knew What They Wanted;1940;www.imdb.com/title/tt0033150/
Primrose Path;1940;www.imdb.com/title/tt0032946/
How Green Was My Valley;1941;www.imdb.com/title/tt0033729/
Blossoms in the Dust;1941;www.imdb.com/title/tt0033407/
Citizen Kane;1941;www.imdb.com/title/tt0033467/
Here Comes Mr. Jordan;1941;www.imdb.com/title/tt0033712/
Hold Back the Dawn;1941;www.imdb.com/title/tt0033722/
The Little Foxes;1941;www.imdb.com/title/tt0033836/
The Maltese Falcon;1941;www.imdb.com/title/tt0033870/
One Foot in Heaven;1941;www.imdb.com/title/tt0033980/
Sergeant York;1941;www.imdb.com/title/tt0034167/
Suspicion;1941;www.imdb.com/title/tt0034248/
Penny Serenade;1941;www.imdb.com/title/tt0034012/
The Devil and Daniel Webster;1941;www.imdb.com/title/tt0033532/
Ball of Fire;1941;www.imdb.com/title/tt0033373/
The Devil and Miss Jones;1941;www.imdb.com/title/tt0033533/
The Great Lie;1941;www.imdb.com/title/tt0033677/
Mrs. Miniver;1942;www.imdb.com/title/tt0035093/
The Invaders (49th Parallel);1942;www.imdb.com/title/tt0033627/
Kings Row;1942;www.imdb.com/title/tt0034946/
The Magnificent Ambersons;1942;www.imdb.com/title/tt0035015/
The Pied Piper;1942;www.imdb.com/title/tt0035189/
The Pride of the Yankees;1942;www.imdb.com/title/tt0035211/
Random Harvest;1942;www.imdb.com/title/tt0035238/
The Talk of the Town;1942;www.imdb.com/title/tt0035417/
Wake Island;1942;www.imdb.com/title/tt0035530/
Yankee Doodle Dandy;1942;www.imdb.com/title/tt0035575/
Now Voyager;1942;www.imdb.com/title/tt0035140/
Woman of the Year;1942;www.imdb.com/title/tt0035567/
My Sister Eileen;1942;www.imdb.com/title/tt0035105/
Johnny Eager;1942;www.imdb.com/title/tt0033774/
Tortilla Flat;1942;www.imdb.com/title/tt0035460/
Casablanca;1943;www.imdb.com/title/tt0034583/
For Whom the Bell Tolls;1943;www.imdb.com/title/tt0035896/
Heaven Can Wait;1943;www.imdb.com/title/tt0035979/
The Human Comedy;1943;www.imdb.com/title/tt0036022/
In Which We Serve;1943;www.imdb.com/title/tt0034891/
Madame Curie;1943;www.imdb.com/title/tt0036126/
The More the Merrier;1943;www.imdb.com/title/tt0036172/
The Ox-Bow Incident;1943;www.imdb.com/title/tt0036244/
The Song of Bernadette;1943;www.imdb.com/title/tt0036377/
Watch on the Rhine;1943;www.imdb.com/title/tt0036515/
The Constant Nymph;1943;www.imdb.com/title/tt0035751/
Sahara;1943;www.imdb.com/title/tt0036323/
So Proudly We Hail!;1943;www.imdb.com/title/tt0036367/
Going My Way;1944;www.imdb.com/title/tt0036872/
Double Indemnity;1944;www.imdb.com/title/tt0036775/
Gaslight;1944;www.imdb.com/title/tt0036855/
Since You Went Away;1944;www.imdb.com/title/tt0037280/
Wilson;1944;www.imdb.com/title/tt0037465/
None but the Lonely Heart;1944;www.imdb.com/title/tt0037135/
Mr. Skeffington;1944;www.imdb.com/title/tt0037094/
Mrs. Parkington;1944;www.imdb.com/title/tt0037096/
The Seventh Cross;1944;www.imdb.com/title/tt0037263/
Laura;1944;www.imdb.com/title/tt0037008/
Dragon Seed;1944;www.imdb.com/title/tt0036777/
The Lost Weekend;1945;www.imdb.com/title/tt0037884/
Anchors Aweigh;1945;www.imdb.com/title/tt0037514/
The Bells of St. Mary's;1945;www.imdb.com/title/tt0037536/
Mildred Pierce;1945;www.imdb.com/title/tt0037913/
Spellbound;1945;www.imdb.com/title/tt0038109/
The Keys of the Kingdom;1945;www.imdb.com/title/tt0036983/
A Song to Remember;1945;www.imdb.com/title/tt0038104/
The Valley of Decision;1945;www.imdb.com/title/tt0038213/
Love Letters;1945;www.imdb.com/title/tt0037885/
Leave her to Heaven;1945;www.imdb.com/title/tt0037865/
A Tree Grows in Brooklyn;1945;www.imdb.com/title/tt0038190/
The Corn Is Green;1945;www.imdb.com/title/tt0037614/
The Story of G.I. Joe;1945;www.imdb.com/title/tt0038120/
A Medal for Benny;1945;www.imdb.com/title/tt0037906/
National Velvet;1945;www.imdb.com/title/tt0037120/
The Picture of Dorian Gray;1945;www.imdb.com/title/tt0037988/
The Best Years of Our Lives;1946;www.imdb.com/title/tt0036868/
Henry V;1946;www.imdb.com/title/tt0036910/
It's a Wonderful Life;1946;www.imdb.com/title/tt0038650/
The Razor's Edge;1946;www.imdb.com/title/tt0038873/
The Yearling;1946;www.imdb.com/title/tt0039111/
The Jolson Story;1946;www.imdb.com/title/tt0038661/
To Each His Own;1946;www.imdb.com/title/tt0039040/
Brief Encounter;1946;www.imdb.com/title/tt0037558/
Duel to the Sun;1946;www.imdb.com/title/tt0038499/
Sister Kenny;1946;www.imdb.com/title/tt0038948/
The Green Years;1946;www.imdb.com/title/tt0038578/
Notorious;1946;www.imdb.com/title/tt0038787/
The Spiral Staircase;1946;www.imdb.com/title/tt0038975/
Saratoga Trunk;1946;www.imdb.com/title/tt0038053/
Anna and the King of Siam;1946;www.imdb.com/title/tt0038303/
Gentleman's Agreement;1947;www.imdb.com/title/tt0039416/
The Bishop's Wife;1947;www.imdb.com/title/tt0039190/
Crossfire;1947;www.imdb.com/title/tt0039286/
Great Expectations;1947;www.imdb.com/title/tt0038574/
Miracle on 34th Street;1947;www.imdb.com/title/tt0039628/
A Double Life;1947;www.imdb.com/title/tt0039335/
Body and Soul;1947;www.imdb.com/title/tt0039204/
Life with Father;1947;www.imdb.com/title/tt0039566/
Mourning Becomes Electra;1947;www.imdb.com/title/tt0039636/
The Farmer's Daughter;1947;www.imdb.com/title/tt0039370/
Possessed;1947;www.imdb.com/title/tt0039725/
Smash-Up the Story of a Woman;1947;www.imdb.com/title/tt0039840/
Ride the Pink Horse;1947;www.imdb.com/title/tt0039768/
Kiss of Death;1947;www.imdb.com/title/tt0039536/
The Paradine Case;1947;www.imdb.com/title/tt0039694/
The Egg and I;1947;www.imdb.com/title/tt0039349/
Hamlet;1948;www.imdb.com/title/tt0040416/
Johnny Belinda;1948;www.imdb.com/title/tt0040495/
The Red Shoes;1948;www.imdb.com/title/tt0040725/
The Snake Pit;1948;www.imdb.com/title/tt0040806/
The Treasure of the Sierra Madre;1948;www.imdb.com/title/tt0040897/
The Search;1948;www.imdb.com/title/tt0040765/
When My Baby Smiles at Me;1948;www.imdb.com/title/tt0040962/
Sitting Pretty;1948;www.imdb.com/title/tt0040795/
Joan of Arc;1948;www.imdb.com/title/tt0040491/
I Remember Mama;1948;www.imdb.com/title/tt0040458/
Sorry Wrong Number;1948;www.imdb.com/title/tt0040823/
The Luck of the Irish;1948;www.imdb.com/title/tt0040553/
Key Largo;1948;www.imdb.com/title/tt0040506/
All the King's Men;1949;www.imdb.com/title/tt0041113/
Battleground;1949;www.imdb.com/title/tt0041163/
The Heiress;1949;www.imdb.com/title/tt0041452/
A Letter to Three Wives;1949;www.imdb.com/title/tt0041587/
Twelve O'Clock High;1949;www.imdb.com/title/tt0041996/
Champion;1949;www.imdb.com/title/tt0041239/
The Hasty Heart;1949;www.imdb.com/title/tt0041445/
Sands of Iwo Jima;1949;www.imdb.com/title/tt0041841/
Pinky;1949;www.imdb.com/title/tt0041746/
My Foolish Heart;1949;www.imdb.com/title/tt0041672/
Edward My Son;1949;www.imdb.com/title/tt0041329/
Come to the Stable;1949;www.imdb.com/title/tt0041257/
All About Eve;1950;www.imdb.com/title/tt0042192/
Born Yesterday;1950;www.imdb.com/title/tt0042276/
Father of the Bride;1950;www.imdb.com/title/tt0042451/
King Solomon's Mines;1950;www.imdb.com/title/tt0042646/
Sunset Boulevard;1950;www.imdb.com/title/tt0043014/
Cyrano de Bergerac;1950;www.imdb.com/title/tt0042367/
The Magnificent Yankee;1950;www.imdb.com/title/tt0042702/
Harvey;1950;www.imdb.com/title/tt0042546/
Caged;1950;www.imdb.com/title/tt0042296/
Sunset Boulevard;1950;www.imdb.com/title/tt0043014/
Broken Arrow;1950;www.imdb.com/title/tt0042286/
Mister 880;1950;www.imdb.com/title/tt0042742/
The Asphalt Jungle;1950;www.imdb.com/title/tt0042208/
An American in Paris;1951;www.imdb.com/title/tt0043278/
Decision Before Dawn;1951;www.imdb.com/title/tt0043459/
A Place in the Sun;1951;www.imdb.com/title/tt0043924/
Quo Vadis;1951;www.imdb.com/title/tt0043949/
A Streetcar Named Desire;1951;www.imdb.com/title/tt0044081/
The African Queen;1951;www.imdb.com/title/tt0043265/
Bright Victory;1951;www.imdb.com/title/tt0043361/
Death of a Salesman;1951;www.imdb.com/title/tt0043458/
Detective Story;1951;www.imdb.com/title/tt0043465/
The Blue Veil;1951;www.imdb.com/title/tt0043350/
Come Fill the Cup;1951;www.imdb.com/title/tt0043424/
The Mating Season;1951;www.imdb.com/title/tt0043792/
The Greatest Show on Earth;1952;www.imdb.com/title/tt0044672/
High Noon;1952;www.imdb.com/title/tt0044706/
Ivanhoe;1952;www.imdb.com/title/tt0044760/
Moulin Rouge;1952;www.imdb.com/title/tt0044926/
The Quiet Man;1952;www.imdb.com/title/tt0045061/
Viva Zapata!;1952;www.imdb.com/title/tt0045296/
The Bad and the Beautiful;1952;www.imdb.com/title/tt0044391/
The Lavender Hill Mob;1952;www.imdb.com/title/tt0044829/
Come Back Little Sheba;1952;www.imdb.com/title/tt0044509/
Sudden Fear;1952;www.imdb.com/title/tt0045205/
The Star;1952;www.imdb.com/title/tt0045186/
The Member of the Wedding;1952;www.imdb.com/title/tt0044896/
With a Song in My Heart;1952;www.imdb.com/title/tt0045333/
My Cousin Rachel;1952;www.imdb.com/title/tt0044937/
The Big Sky;1952;www.imdb.com/title/tt0044419/
Singin' in the Rain;1952;www.imdb.com/title/tt0045152/
From Here to Eternity;1953;www.imdb.com/title/tt0045793/
Julius Caesar;1953;www.imdb.com/title/tt0045943/
The Robe;1953;www.imdb.com/title/tt0046247/
Roman Holiday;1953;www.imdb.com/title/tt0046250/
Shane;1953;www.imdb.com/title/tt0046303/
Stalag 17;1953;www.imdb.com/title/tt0046359/
1st Sgt. Milton Warden;1953;www.imdb.com/title/tt0045793/
Lili ;1953;www.imdb.com/title/tt0046000/
Mogambo;1953;www.imdb.com/title/tt0046085/
The Moon is Blue;1953;www.imdb.com/title/tt0046094/
Hondo;1953;www.imdb.com/title/tt0045883/
Torch Song;1953;www.imdb.com/title/tt0046446/
Pickup on South Street;1953;www.imdb.com/title/tt0046187/
On the Waterfront;1954;www.imdb.com/title/tt0047296/
The Caine Mutiny;1954;www.imdb.com/title/tt0046816/
The Country Girl;1954;www.imdb.com/title/tt0046874/
Seven Brides for Seven Brothers;1954;www.imdb.com/title/tt0047472/
Three Coins in the Fountain;1954;www.imdb.com/title/tt0047580/
A Star Is Born;1954;www.imdb.com/title/tt0047522/
Adventures of Robinson Crusoe;1954;www.imdb.com/title/tt0044386/
Carmen Jones;1954;www.imdb.com/title/tt0046828/
Sabrina;1954;www.imdb.com/title/tt0047437/
Magnificent Obsession;1954;www.imdb.com/title/tt0047203/
The Barefoot Contessa;1954;www.imdb.com/title/tt0046754/
Executive Suite;1954;www.imdb.com/title/tt0046963/
Broken Lance;1954;www.imdb.com/title/tt0046808/
The High and the Mighty;1954;www.imdb.com/title/tt0047086/
Marty;1955;www.imdb.com/title/tt0048356/
Love Is a Many-Splendored Thing;1955;www.imdb.com/title/tt0048316/
Mister Roberts;1955;www.imdb.com/title/tt0048380/
Picnic;1955;www.imdb.com/title/tt0048491/
The Rose Tattoo;1955;www.imdb.com/title/tt0048563/
Love Me or Leave Me;1955;www.imdb.com/title/tt0048317/
East of Eden;1955;www.imdb.com/title/tt0048028/
The Man with the Golden Arm;1955;www.imdb.com/title/tt0048347/
Bad Day at Black Rock;1955;www.imdb.com/title/tt0047849/
I'll Cry Tomorrow;1955;www.imdb.com/title/tt0048191/
Summertime;1955;www.imdb.com/title/tt0048673/
Interrupted Melody;1955;www.imdb.com/title/tt0048210/
Trial;1955;www.imdb.com/title/tt0048748/
Rebel Without a Cause;1955;www.imdb.com/title/tt0048545/
Pete Kelly's Blues;1955;www.imdb.com/title/tt0048484/
Around the World in 80 Days;1956;www.imdb.com/title/tt0048960/
Friendly Persuasion;1956;www.imdb.com/title/tt0049233/
Giant;1956;www.imdb.com/title/tt0049261/
The King and I;1956;www.imdb.com/title/tt0049408/
The Ten Commandments;1956;www.imdb.com/title/tt0049833/
Lust for Life;1956;www.imdb.com/title/tt0049456/
Richard III;1956;www.imdb.com/title/tt0049674/
Anastasia;1956;www.imdb.com/title/tt0048947/
Baby Doll;1956;www.imdb.com/title/tt0048973/
The Rainmaker;1956;www.imdb.com/title/tt0049653/
The Bad Seed;1956;www.imdb.com/title/tt0048977/
Lust for Life;1956;www.imdb.com/title/tt0049456/
Bus Stop;1956;www.imdb.com/title/tt0049038/
The Bold and the Brave;1956;www.imdb.com/title/tt0049022/
Written on the Wind;1956;www.imdb.com/title/tt0049966/
The Bridge on the River Kwai;1957;www.imdb.com/title/tt0050212/
12 Angry Men;1957;www.imdb.com/title/tt0050083/
Peyton Place;1957;www.imdb.com/title/tt0050839/
Sayonara;1957;www.imdb.com/title/tt0050933/
Witness for the Prosecution;1957;www.imdb.com/title/tt0051201/
A Hatful of Rain;1957;www.imdb.com/title/tt0050487/
Wild is the Wind;1957;www.imdb.com/title/tt0051193/
The Three Faces of Eve;1957;www.imdb.com/title/tt0051077/
Heaven Knows Mr. Allison;1957;www.imdb.com/title/tt0050490/
Raintree County;1957;www.imdb.com/title/tt0050882/
A Farewell to Arms;1957;www.imdb.com/title/tt0050379/
The Bachelor Party;1957;www.imdb.com/title/tt0050156/
Gigi;1958;www.imdb.com/title/tt0051658/
Auntie Mame;1958;www.imdb.com/title/tt0051383/
Cat on a Hot Tin Roof;1958;www.imdb.com/title/tt0051459/
The Defiant Ones;1958;www.imdb.com/title/tt0051525/
Separate Tables;1958;www.imdb.com/title/tt0052182/
The Old Man and the Sea;1958;www.imdb.com/title/tt0052027/
I Want to Live!;1958;www.imdb.com/title/tt0051758/
Some Came Running;1958;www.imdb.com/title/tt0052218/
The Big Country;1958;www.imdb.com/title/tt0051411/
The Brothers Karamazov;1958;www.imdb.com/title/tt0051435/
Teacher's Pet;1958;www.imdb.com/title/tt0052278/
Lonelyhearts;1958;www.imdb.com/title/tt0053017/
Ben-Hur;1959;www.imdb.com/title/tt0052618/
Anatomy of a Murder;1959;www.imdb.com/title/tt0052561/
The Diary of Anne Frank;1959;www.imdb.com/title/tt0052738/
The Nun's Story;1959;www.imdb.com/title/tt0053131/
Room at the Top;1959;www.imdb.com/title/tt0053226/
Some Like it Hot;1959;www.imdb.com/title/tt0053291/
The Last Angry Man;1959;www.imdb.com/title/tt0052990/
Pillow Talk;1959;www.imdb.com/title/tt0053172/
Suddenly Last Summer;1959;www.imdb.com/title/tt0053318/
The Young Philadelphians;1959;www.imdb.com/title/tt0053462/
Imitation of Life;1959;www.imdb.com/title/tt0052918/
The Apartment;1960;www.imdb.com/title/tt0053604/
The Alamo;1960;www.imdb.com/title/tt0053580/
Elmer Gantry;1960;www.imdb.com/title/tt0053793/
Sons and Lovers;1960;www.imdb.com/title/tt0054326/
The Sundowners;1960;www.imdb.com/title/tt0054353/
The Entertainer;1960;www.imdb.com/title/tt0053796/
Inherit the Wind;1960;www.imdb.com/title/tt0053946/
Butterfield 8;1960;www.imdb.com/title/tt0053622/
Sunrise at Campobello;1960;www.imdb.com/title/tt0054354/
Never on Sunday;1960;www.imdb.com/title/tt0054198/
Spartacus;1960;www.imdb.com/title/tt0054331/
Murder Inc.;1960;www.imdb.com/title/tt0054102/
Exodus;1960;www.imdb.com/title/tt0053804/
The Dark at the Top of the Stairs;1960;www.imdb.com/title/tt0053750/
Psycho;1960;www.imdb.com/title/tt0054215/
West Side Story;1961;www.imdb.com/title/tt0055614/
Fanny;1961;www.imdb.com/title/tt0054866/
The Guns of Navarone;1961;www.imdb.com/title/tt0054953/
The Hustler;1961;www.imdb.com/title/tt0054997/
Judgment at Nuremberg;1961;www.imdb.com/title/tt0055031/
The Mark;1961;www.imdb.com/title/tt0055146/
Two Women;1961;www.imdb.com/title/tt0054749/
Breakfast at Tiffany's;1961;www.imdb.com/title/tt0054698/
Summer and Smoke;1961;www.imdb.com/title/tt0055489/
Splendor in the Grass;1961;www.imdb.com/title/tt0055471/
Pocketful of Miracles;1961;www.imdb.com/title/tt0055312/
The Children's Hour;1961;www.imdb.com/title/tt0054743/
The Roman Spring of Mrs. Stone;1961;www.imdb.com/title/tt0055382/
Lawrence of Arabia;1962;www.imdb.com/title/tt0056172/
The Longest Day;1962;www.imdb.com/title/tt0056197/
The Music Man;1962;www.imdb.com/title/tt0056262/
Mutiny on the Bounty;1962;www.imdb.com/title/tt0056264/
To Kill a Mockingbird;1962;www.imdb.com/title/tt0056592/
Birdman of Alcatraz;1962;www.imdb.com/title/tt0055798/
Days of Wine and Roses;1962;www.imdb.com/title/tt0055895/
Divorce Italian Style;1962;www.imdb.com/title/tt0055913/
The Miracle Worker;1962;www.imdb.com/title/tt0056241/
What Ever Happened to Baby Jane?;1962;www.imdb.com/title/tt0056687/
Long Day's Journey into Night;1962;www.imdb.com/title/tt0056196/
Sweet Bird of Youth;1962;www.imdb.com/title/tt0056541/
Billy Budd;1962;www.imdb.com/title/tt0055796/
The Manchurian Candidate;1962;www.imdb.com/title/tt0056218/
Tom Jones;1963;www.imdb.com/title/tt0057590/
America America;1963;www.imdb.com/title/tt0056825/
Cleopatra;1963;www.imdb.com/title/tt0056937/
How the West Was Won;1963;www.imdb.com/title/tt0056085/
Lilies of the Field;1963;www.imdb.com/title/tt0057251/
This Sporting Life;1963;www.imdb.com/title/tt0057578/
Hud;1963;www.imdb.com/title/tt0057163/
The L-Shaped Room;1963;www.imdb.com/title/tt0057239/
Irma la Douce;1963;www.imdb.com/title/tt0057187/
Love with the Proper Stranger;1963;www.imdb.com/title/tt0057263/
Twilight of Honor;1963;www.imdb.com/title/tt0057609/
Captain Newman M.D.;1963;www.imdb.com/title/tt0056903/
The Cardinal;1963;www.imdb.com/title/tt0056907/
The V.I.P.s;1963;www.imdb.com/title/tt0057634/
My Fair Lady;1964;www.imdb.com/title/tt0058385/
Becket;1964;www.imdb.com/title/tt0057877/
Dr. Strangelove or: How I Learned to Stop Worrying and Love the Bomb;1964;www.imdb.com/title/tt0057012/
Mary Poppins;1964;www.imdb.com/title/tt0058331/
Zorba the Greek;1964;www.imdb.com/title/tt0057831/
The Pumpkin Eater;1964;www.imdb.com/title/tt0058500/
Marriage Italian Style;1964;www.imdb.com/title/tt0058335/
The Unsinkable Molly Brown;1964;www.imdb.com/title/tt0058708/
Séance on a Wet Afternoon;1964;www.imdb.com/title/tt0058557/
Topkapi;1964;www.imdb.com/title/tt0058672/
Seven Days in May;1964;www.imdb.com/title/tt0058576/
The Best Man;1964;www.imdb.com/title/tt0057883/
The Chalk Garden;1964;www.imdb.com/title/tt0057933/
The Night of the Iguana;1964;www.imdb.com/title/tt0058404/
Hush… Hush Sweet Charlotte;1964;www.imdb.com/title/tt0058213/
The Sound of Music;1965;www.imdb.com/title/tt0059742/
Darling;1965;www.imdb.com/title/tt0059084/
Doctor Zhivago;1965;www.imdb.com/title/tt0059113/
Ship of Fools;1965;www.imdb.com/title/tt0059712/
A Thousand Clowns;1965;www.imdb.com/title/tt0059798/
Cat Ballou;1965;www.imdb.com/title/tt0059017/
The Spy Who Came in from the Cold;1965;www.imdb.com/title/tt0059749/
Othello;1965;www.imdb.com/title/tt0059555/
The Pawnbroker;1965;www.imdb.com/title/tt0059575/
The Collector;1965;www.imdb.com/title/tt0059043/
A Patch of Blue;1965;www.imdb.com/title/tt0059573/
The Flight of the Phoenix;1965;www.imdb.com/title/tt0059183/
Inside Daisy Clover;1965;www.imdb.com/title/tt0059314/
A Man for All Seasons;1966;www.imdb.com/title/tt0060665/
Alfie;1966;www.imdb.com/title/tt0060086/
The Russians Are Coming;1966;www.imdb.com/title/tt0060921/
The Sand Pebbles;1966;www.imdb.com/title/tt0060934/
Who's Afraid of Virginia Woolf?;1966;www.imdb.com/title/tt0061184/
A Man and a Woman;1966;www.imdb.com/title/tt0061138/
The Shop on Main Street;1966;www.imdb.com/title/tt0059527/
Georgy Girl;1966;www.imdb.com/title/tt0060453/
Morgan!;1966;www.imdb.com/title/tt0060714/
The Fortune Cookie;1966;www.imdb.com/title/tt0060424/
Hawaii;1966;www.imdb.com/title/tt0060491/
You're a Big Boy Now;1966;www.imdb.com/title/tt0061209/
In the Heat of the Night;1967;www.imdb.com/title/tt0061811/
Bonnie and Clyde;1967;www.imdb.com/title/tt0061418/
Doctor Dolittle;1967;www.imdb.com/title/tt0061584/
The Graduate;1967;www.imdb.com/title/tt0061722/
Guess Who's Coming to Dinner;1967;www.imdb.com/title/tt0061735/
Cool Hand Luke;1967;www.imdb.com/title/tt0061512/
The Whisperers;1967;www.imdb.com/title/tt0061180/
Wait Until Dark;1967;www.imdb.com/title/tt0062467/
The Dirty Dozen;1967;www.imdb.com/title/tt0061578/
Thoroughly Modern Millie;1967;www.imdb.com/title/tt0062362/
Barefoot in the Park;1967;www.imdb.com/title/tt0061385/
Oliver!;1968;www.imdb.com/title/tt0063385/
Funny Girl;1968;www.imdb.com/title/tt0062994/
The Lion in Winter;1968;www.imdb.com/title/tt0063227/
Rachel Rachel;1968;www.imdb.com/title/tt0063483/
Romeo and Juliet;1968;www.imdb.com/title/tt0063518/
Charly;1968;www.imdb.com/title/tt0062794/
The Heart is a Lonely Hunter;1968;www.imdb.com/title/tt0063050/
The Fixer;1968;www.imdb.com/title/tt0062977/
The Subject was Roses;1968;www.imdb.com/title/tt0063654/
Isadora;1968;www.imdb.com/title/tt0063141/
Faces;1968;www.imdb.com/title/tt0062952/
Star!;1968;www.imdb.com/title/tt0063642/
The Producers;1968;www.imdb.com/title/tt0063462/
Rosemary's Baby;1968;www.imdb.com/title/tt0063522/
Midnight Cowboy;1969;www.imdb.com/title/tt0064665/
Anne of the Thousand Days;1969;www.imdb.com/title/tt0064030/
Butch Cassidy and the Sundance Kid;1969;www.imdb.com/title/tt0064115/
Hello Dolly!;1969;www.imdb.com/title/tt0064418/
Z;1969;www.imdb.com/title/tt0065234/
True Grit;1969;www.imdb.com/title/tt0065126/
Goodbye Mr. Chips;1969;www.imdb.com/title/tt0064382/
The Prime of Miss Jean Brodie;1969;www.imdb.com/title/tt0064840/
They Shoot Horses Don't They?;1969;www.imdb.com/title/tt0065088/
The Sterile Cuckoo;1969;www.imdb.com/title/tt0065037/
The Happy Ending;1969;www.imdb.com/title/tt0064405/
The Reivers;1969;www.imdb.com/title/tt0064886/
Bob & Carol & Ted & Alice;1969;www.imdb.com/title/tt0064100/
Easy Rider;1969;www.imdb.com/title/tt0064276/
Cactus Flower;1969;www.imdb.com/title/tt0064117/
Last Summer;1969;www.imdb.com/title/tt0064573/
Patton;1970;www.imdb.com/title/tt0066206/
Airport;1970;www.imdb.com/title/tt0065377/
Five Easy Pieces;1970;www.imdb.com/title/tt0065724/
Love Story;1970;www.imdb.com/title/tt0066011/
M*A*S*H;1970;www.imdb.com/title/tt0066026/
I Never Sang for My Father;1970;www.imdb.com/title/tt0065872/
The Great White Hope;1970;www.imdb.com/title/tt0065797/
Women in Love;1970;www.imdb.com/title/tt0066579/
The Great White Hope;1970;www.imdb.com/title/tt0065797/
Love Story;1970;www.imdb.com/title/tt0066011/
Ryan's Daughter;1970;www.imdb.com/title/tt0066319/
Diary of a Mad Housewife;1970;www.imdb.com/title/tt0065636/
Lovers and Other Strangers;1970;www.imdb.com/title/tt0066016/
Little Big Man;1970;www.imdb.com/title/tt0065988/
The Landlord;1970;www.imdb.com/title/tt0065963/
The French Connection;1971;www.imdb.com/title/tt0067116/
A Clockwork Orange;1971;www.imdb.com/title/tt0066921/
Fiddler on the Roof;1971;www.imdb.com/title/tt0067093/
The Last Picture Show;1971;www.imdb.com/title/tt0067328/
Nicholas and Alexandra;1971;www.imdb.com/title/tt0067483/
Sunday Bloody Sunday;1971;www.imdb.com/title/tt0067805/
Kotch;1971;www.imdb.com/title/tt0067314/
The Hospital;1971;www.imdb.com/title/tt0067217/
Klute;1971;www.imdb.com/title/tt0067309/
McCabe & Mrs. Miller;1971;www.imdb.com/title/tt0067411/
Mary Queen of Scots;1971;www.imdb.com/title/tt0067402/
Sometimes a Great Notion;1971;www.imdb.com/title/tt0067774/
Carnal Knowledge;1971;www.imdb.com/title/tt0066892/
Who Is Harry Kellerman and Why Is He Saying Those Terrible Things About Me?;1971;www.imdb.com/title/tt0067980/
The Go-Between;1971;www.imdb.com/title/tt0067144/
The Godfather;1972;www.imdb.com/title/tt0068646/
Cabaret;1972;www.imdb.com/title/tt0068327/
Deliverance;1972;www.imdb.com/title/tt0068473/
The Emigrants;1972;www.imdb.com/title/tt0067919/
Sounder;1972;www.imdb.com/title/tt0069303/
Sleuth;1972;www.imdb.com/title/tt0069281/
The Ruling Class;1972;www.imdb.com/title/tt0069198/
Lady Sings the Blues;1972;www.imdb.com/title/tt0068828/
Travels with My Aunt;1972;www.imdb.com/title/tt0069404/
The Heartbreak Kid;1972;www.imdb.com/title/tt0068687/
Butterflies Are Free;1972;www.imdb.com/title/tt0068326/
Pete 'n' Tillie;1972;www.imdb.com/title/tt0069080/
Fat City;1972;www.imdb.com/title/tt0068575/
The Poseidon Adventure;1972;www.imdb.com/title/tt0069113/
The Sting;1973;www.imdb.com/title/tt0070735/
American Graffiti;1973;www.imdb.com/title/tt0069704/
Cries and Whispers;1973;www.imdb.com/title/tt0069467/
The Exorcist;1973;www.imdb.com/title/tt0070047/
A Touch of Class;1973;www.imdb.com/title/tt0070819/
Save the Tiger;1973;www.imdb.com/title/tt0070640/
Last Tango in Paris;1973;www.imdb.com/title/tt0070849/
The Last Detail;1973;www.imdb.com/title/tt0070290/
Serpico;1973;www.imdb.com/title/tt0070666/
Cinderella Liberty;1973;www.imdb.com/title/tt0069883/
The Way We Were;1973;www.imdb.com/title/tt0070903/
Summer Wishes Winter Dreams;1973;www.imdb.com/title/tt0070748/
The Paper Chase;1973;www.imdb.com/title/tt0070509/
Bang the Drum Slowly;1973;www.imdb.com/title/tt0069765/
Paper Moo;1973;www.imdb.com/title/tt0070510/
The Godfather Part II;1974;www.imdb.com/title/tt0071562/
Chinatown;1974;www.imdb.com/title/tt0071315/
The Conversation;1974;www.imdb.com/title/tt0071360/
Lenny;1974;www.imdb.com/title/tt0071746/
The Towering Inferno;1974;www.imdb.com/title/tt0072308/
Harry and Tonto;1974;www.imdb.com/title/tt0071598/
Murder on the Orient Express;1974;www.imdb.com/title/tt0071877/
Alice Doesn't Live Here Anymore;1974;www.imdb.com/title/tt0071115/
Claudine;1974;www.imdb.com/title/tt0071334/
A Woman Under the Influence;1974;www.imdb.com/title/tt0072417/
Thunderbolt and Lightfoot;1974;www.imdb.com/title/tt0072288/
Day for Night;1974;www.imdb.com/title/tt0070460/
Blazing Saddles;1974;www.imdb.com/title/tt0071230/
One Flew Over the Cuckoo's Nest;1975;www.imdb.com/title/tt0073486/
Barry Lyndon;1975;www.imdb.com/title/tt0072684/
Dog Day Afternoon;1975;www.imdb.com/title/tt0072890/
Jaws;1975;www.imdb.com/title/tt0073195/
Nashville;1975;www.imdb.com/title/tt0073440/
The Sunshine Boys;1975;www.imdb.com/title/tt0073766/
The Man in the Glass Booth;1975;www.imdb.com/title/tt0073345/
Give 'em Hell Harry!;1975;www.imdb.com/title/tt0073053/
The Story of Adele H.;1975;www.imdb.com/title/tt0073114/
Tommy;1975;www.imdb.com/title/tt0073812/
Hedda;1975;www.imdb.com/title/tt0073098/
Hester Street;1975;www.imdb.com/title/tt0073107/
The Sunshine Boys;1975;www.imdb.com/title/tt0073766/
The Day of the Locust;1975;www.imdb.com/title/tt0072848/
Shampoo;1975;www.imdb.com/title/tt0073692/
Farewell My Lovely;1975;www.imdb.com/title/tt0072973/
Jacqueline Susann's Once Is Not Enough;1975;www.imdb.com/title/tt0073190/
Rocky;1976;www.imdb.com/title/tt0075148/
All the President's Men;1976;www.imdb.com/title/tt0074119/
Bound for Glory;1976;www.imdb.com/title/tt0074235/
Network;1976;www.imdb.com/title/tt0074958/
Taxi Driver;1976;www.imdb.com/title/tt0075314/
Seven Beauties;1976;www.imdb.com/title/tt0075040/
Cousin Cousine;1976;www.imdb.com/title/tt0072826/
Carrie;1976;www.imdb.com/title/tt0074285/
Face to Face;1976;www.imdb.com/title/tt0074147/
Marathon Man;1976;www.imdb.com/title/tt0074860/
Voyage of the Damned;1976;www.imdb.com/title/tt0075406/
Annie Hall;1977;www.imdb.com/title/tt0075686/
The Goodbye Girl;1977;www.imdb.com/title/tt0076095/
Julia;1977;www.imdb.com/title/tt0076245/
Star Wars;1977;www.imdb.com/title/tt0076759/
The Turning Point;1977;www.imdb.com/title/tt0076843/
Equus;1977;www.imdb.com/title/tt0075995/
A Special Day;1977;www.imdb.com/title/tt0076085/
Saturday Night Fever;1977;www.imdb.com/title/tt0076666/
Close Encounters of the Third Kind;1977;www.imdb.com/title/tt0075860/
Looking for Mr. Goodbar;1977;www.imdb.com/title/tt0076327/
The Deer Hunter;1978;www.imdb.com/title/tt0077416/
Coming Home;1978;www.imdb.com/title/tt0077362/
Heaven Can Wait;1978;www.imdb.com/title/tt0077663/
Midnight Express;1978;www.imdb.com/title/tt0077928/
An Unmarried Woman;1978;www.imdb.com/title/tt0078444/
The Buddy Holly Story;1978;www.imdb.com/title/tt0077280/
The Boys from Brazil;1978;www.imdb.com/title/tt0077269/
Autumn Sonata;1978;www.imdb.com/title/tt0077711/
Same Time Next Year;1978;www.imdb.com/title/tt0078199/
Interiors;1978;www.imdb.com/title/tt0077742/
Comes a Horseman;1978;www.imdb.com/title/tt0077360/
California Suite;1978;www.imdb.com/title/tt0077289/
Kramer vs. Kramer;1979;www.imdb.com/title/tt0079417/
All That Jazz;1979;www.imdb.com/title/tt0078754/
Apocalypse Now;1979;www.imdb.com/title/tt0078788/
Breaking Away;1979;www.imdb.com/title/tt0078902/
Norma Rae;1979;www.imdb.com/title/tt0079638/
The China Syndrome;1979;www.imdb.com/title/tt0078966/
…And Justice for All;1979;www.imdb.com/title/tt0078718/
Being There;1979;www.imdb.com/title/tt0078841/
Starting Over;1979;www.imdb.com/title/tt0079948/
Chapter Two;1979;www.imdb.com/title/tt0078952/
The Rose;1979;www.imdb.com/title/tt0079826/
The Black Stallion;1979;www.imdb.com/title/tt0078872/
Manhattan;1979;www.imdb.com/title/tt0079522/
Ordinary People;1980;www.imdb.com/title/tt0081283/
Coal Miner's Daughter;1980;www.imdb.com/title/tt0080549/
The Elephant Man;1980;www.imdb.com/title/tt0080678/
Raging Bull;1980;www.imdb.com/title/tt0081398/
Tess;1980;www.imdb.com/title/tt0080009/
The Great Santini;1980;www.imdb.com/title/tt0079239/
Tribute;1980;www.imdb.com/title/tt0081656/
The Stunt Man;1980;www.imdb.com/title/tt0081568/
Resurrection;1980;www.imdb.com/title/tt0081414/
Private Benjamin;1980;www.imdb.com/title/tt0081375/
Gloria;1980;www.imdb.com/title/tt0080798/
Melvin and Howard;1980;www.imdb.com/title/tt0081150/
Inside Moves;1980;www.imdb.com/title/tt0080928/
Chariots of Fire;1981;www.imdb.com/title/tt0082158/
Atlantic City;1981;www.imdb.com/title/tt0080388/
On Golden Pond;1981;www.imdb.com/title/tt0082846/
Raiders of the Lost Ark;1981;www.imdb.com/title/tt0082971/
Reds;1981;www.imdb.com/title/tt0082979/
Arthur;1981;www.imdb.com/title/tt0082031/
Absence of Malice;1981;www.imdb.com/title/tt0081974/
Only When I Laugh;1981;www.imdb.com/title/tt0082853/
The French Lieutenant's Woman;1981;www.imdb.com/title/tt0082416/
Ragtime;1981;www.imdb.com/title/tt0082970/
Gandhi;1982;www.imdb.com/title/tt0083987/
E.T. the Extra-Terrestrial;1982;www.imdb.com/title/tt0083866/
Missing;1982;www.imdb.com/title/tt0084335/
Tootsie;1982;www.imdb.com/title/tt0084805/
The Verdict;1982;www.imdb.com/title/tt0084855/
My Favorite Year;1982;www.imdb.com/title/tt0084370/
Sophie's Choice;1982;www.imdb.com/title/tt0084707/
Victor Victoria;1982;www.imdb.com/title/tt0084865/
Frances;1982;www.imdb.com/title/tt0083967/
An Officer and a Gentleman;1982;www.imdb.com/title/tt0084434/
The Best Little Whorehouse in Texas;1982;www.imdb.com/title/tt0083642/
The World According to Garp;1982;www.imdb.com/title/tt0084917/
Terms of Endearment;1983;www.imdb.com/title/tt0086425/
The Big Chill;1983;www.imdb.com/title/tt0085244/
The Dresser;1983;www.imdb.com/title/tt0085461/
The Right Stuff;1983;www.imdb.com/title/tt0086197/
Tender Mercies;1983;www.imdb.com/title/tt0086423/
Educating Rita;1983;www.imdb.com/title/tt0085478/
Reuben Reuben;1983;www.imdb.com/title/tt0084591/
Testament;1983;www.imdb.com/title/tt0086429/
Silkwood;1983;www.imdb.com/title/tt0086312/
To Be or Not to Be;1983;www.imdb.com/title/tt0086450/
Cross Creek;1983;www.imdb.com/title/tt0085380/
The Year of Living Dangerously;1983;www.imdb.com/title/tt0086617/
Yentl;1983;www.imdb.com/title/tt0086619/
Amadeus;1984;www.imdb.com/title/tt0086879/
The Killing Fields;1984;www.imdb.com/title/tt0087553/
A Passage to India;1984;www.imdb.com/title/tt0087892/
Places in the Heart;1984;www.imdb.com/title/tt0087921/
A Soldier's Story;1984;www.imdb.com/title/tt0088146/
Starman;1984;www.imdb.com/title/tt0088172/
Under the Volcano;1984;www.imdb.com/title/tt0088322/
Country;1984;www.imdb.com/title/tt0087091/
The Bostonians;1984;www.imdb.com/title/tt0086992/
The River;1984;www.imdb.com/title/tt0088007/
The Karate Kid;1984;www.imdb.com/title/tt0087538/
Greystoke: The Legend of Tarzan; Lord of the Apes;www.imdb.com/title/tt0018578/
The Natural;1984;www.imdb.com/title/tt0087781/
Swing Shift;1984;www.imdb.com/title/tt0088213/
The Pope of Greenwich Village;1984;www.imdb.com/title/tt0087932/
Out of Africa;1985;www.imdb.com/title/tt0089755/
The Color Purple;1985;www.imdb.com/title/tt0088939/
Kiss of the Spider Woman;1985;www.imdb.com/title/tt0089424/
Prizzi's Honor;1985;www.imdb.com/title/tt0089841/
Witness;1985;www.imdb.com/title/tt0090329/
Murphy's Romance;1985;www.imdb.com/title/tt0089643/
Runaway Train;1985;www.imdb.com/title/tt0089941/
The Trip to Bountiful;1985;www.imdb.com/title/tt0090203/
Agnes of God;1985;www.imdb.com/title/tt0088683/
Sweet Dreams;1985;www.imdb.com/title/tt0090110/
Cocoon;1985;www.imdb.com/title/tt0088933/
Jagged Edge;1985;www.imdb.com/title/tt0089360/
Twice in a Lifetime;1985;www.imdb.com/title/tt0090223/
Platoon;1986;www.imdb.com/title/tt0091763/
Children of a Lesser God;1986;www.imdb.com/title/tt0090830/
Hannah and Her Sisters;1986;www.imdb.com/title/tt0091167/
The Mission;1986;www.imdb.com/title/tt0091530/
A Room with a View;1986;www.imdb.com/title/tt0091867/
The Color of Money;1986;www.imdb.com/title/tt0090863/
Round Midnight;1986;www.imdb.com/title/tt0090557/
Mona Lisa;1986;www.imdb.com/title/tt0091538/
Salvador;1986;www.imdb.com/title/tt0091886/
The Morning After;1986;www.imdb.com/title/tt0091554/
Crimes of the Heart;1986;www.imdb.com/title/tt0090886/
Peggy Sue Got Married;1986;www.imdb.com/title/tt0091738/
Aliens;1986;www.imdb.com/title/tt0090605/
Hoosiers;1986;www.imdb.com/title/tt0091217/
The Last Emperor;1987;www.imdb.com/title/tt0093389/
Broadcast News;1987;www.imdb.com/title/tt0092699/
Fatal Attraction;1987;www.imdb.com/title/tt0093010/
Hope and Glory;1987;www.imdb.com/title/tt0093209/
Moonstruck;1987;www.imdb.com/title/tt0093565/
Wall Street;1987;www.imdb.com/title/tt0094291/
Dark Eyes;1987;www.imdb.com/title/tt0093664/
Ironweed;1987;www.imdb.com/title/tt0093277/
Good Morning Vietnam;1987;www.imdb.com/title/tt0093105/
Anna;1987;www.imdb.com/title/tt0092569/
The Untouchables;1987;www.imdb.com/title/tt0094226/
Street Smart;1987;www.imdb.com/title/tt0094056/
Cry Freedom;1987;www.imdb.com/title/tt0092804/
Gaby: A True Story;1987;www.imdb.com/title/tt0093067/
Throw Momma from the Train;1987;www.imdb.com/title/tt0094142/
The Whales of August;1987;www.imdb.com/title/tt0094315/
Rain Man;1988;www.imdb.com/title/tt0095953/
The Accidental Tourist;1988;www.imdb.com/title/tt0094606/
Dangerous Liaisons;1988;www.imdb.com/title/tt0094947/
Mississippi Burning;1988;www.imdb.com/title/tt0095647/
Working Girl;1988;www.imdb.com/title/tt0096463/
Big;1988;www.imdb.com/title/tt0094737/
Stand and Deliver;1988;www.imdb.com/title/tt0094027/
Pelle the Conqueror;1988;www.imdb.com/title/tt0093713/
The Accused;1988;www.imdb.com/title/tt0094608/
A Cry in the Dark;1988;www.imdb.com/title/tt0094924/
Gorillas in the Mist;1988;www.imdb.com/title/tt0095243/
A Fish Called Wanda;1988;www.imdb.com/title/tt0095159/
Little Dorrit;1988;www.imdb.com/title/tt0095530/
Tucker: The Man and His Dream;1988;www.imdb.com/title/tt0096316/
Running on Empty;1988;www.imdb.com/title/tt0096018/
Married to the Mob;1988;www.imdb.com/title/tt0095593/
Driving Miss Daisy;1989;www.imdb.com/title/tt0097239/
Born on the Fourth of July;1989;www.imdb.com/title/tt0096969/
Dead Poets Society;1989;www.imdb.com/title/tt0097165/
Field of Dreams;1989;www.imdb.com/title/tt0097351/
My Left Foot;1989;www.imdb.com/title/tt0097937/
Henry V;1989;www.imdb.com/title/tt0097499/
Camille Claudel;1989;www.imdb.com/title/tt0094828/
Shirley Valentine;1989;www.imdb.com/title/tt0098319/
Music Box;1989;www.imdb.com/title/tt0100211/
The Fabulous Baker Boys;1989;www.imdb.com/title/tt0097322/
Glory;1989;www.imdb.com/title/tt0097441/
Do the Right Thing;1989;www.imdb.com/title/tt0097216/
A Dry White Season;1989;www.imdb.com/title/tt0097243/
Crimes and Misdemeanors;1989;www.imdb.com/title/tt0097123/
Enemies A Love Story;1989;www.imdb.com/title/tt0097276/
Steel Magnolias;1989;www.imdb.com/title/tt0098384/
Parenthood;1989;www.imdb.com/title/tt0098067/
Dances with Wolves;1990;www.imdb.com/title/tt0099348/
Awakenings;1990;www.imdb.com/title/tt0099077/
Ghost;1990;www.imdb.com/title/tt0099653/
The Godfather Part III;1990;www.imdb.com/title/tt0099674/
Goodfellas;1990;www.imdb.com/title/tt0099685/
Reversal of Fortune;1990;www.imdb.com/title/tt0100486/
Cyrano de Bergerac;1990;www.imdb.com/title/tt0099334/
The Field;1990;www.imdb.com/title/tt0099566/
Misery;1990;www.imdb.com/title/tt0100157/
The Grifters;1990;www.imdb.com/title/tt0099703/
Pretty Woman;1990;www.imdb.com/title/tt0100405/
Postcards from the Edge;1990;www.imdb.com/title/tt0100395/
Mr. & Mrs. Bridge;1990;www.imdb.com/title/tt0100200/
Longtime Companion;1990;www.imdb.com/title/tt0100049/
Dick Tracy;1990;www.imdb.com/title/tt0099422/
Wild at Heart;1990;www.imdb.com/title/tt0100935/
The Silence of the Lambs;1991;www.imdb.com/title/tt0102926/
Beauty and the Beast;1991;www.imdb.com/title/tt0101414/
Bugsy;1991;www.imdb.com/title/tt0101516/
JFK;1991;www.imdb.com/title/tt0102138/
The Prince of Tides;1991;www.imdb.com/title/tt0102713/
Cape Fear;1991;www.imdb.com/title/tt0101540/
The Fisher King;1991;www.imdb.com/title/tt0101889/
Thelma & Louise;1991;www.imdb.com/title/tt6304046/
Rambling Rose;1991;www.imdb.com/title/tt0102753/
For the Boys;1991;www.imdb.com/title/tt0101902/
City Slickers;1991;www.imdb.com/title/tt0101587/
Barton Fink;1991;www.imdb.com/title/tt0101410/
Fried Green Tomatoes;1991;www.imdb.com/title/tt0101921/
Unforgiven;1992;www.imdb.com/title/tt0105695/
The Crying Game;1992;www.imdb.com/title/tt0104036/
A Few Good Men;1992;www.imdb.com/title/tt0104257/
Howards End;1992;www.imdb.com/title/tt0104454/
Scent of a Woman;1992;www.imdb.com/title/tt0105323/
Chaplin;1992;www.imdb.com/title/tt0103939/
Malcom X;1992;www.imdb.com/title/tt0104797/
Indochine;1992;www.imdb.com/title/tt0104507/
Passion Fish;1992;www.imdb.com/title/tt0105107/
Love Field;1992;www.imdb.com/title/tt0104765/
Lorenzo's Oil;1992;www.imdb.com/title/tt0104756/
Glengarry Glen Ross;1992;www.imdb.com/title/tt0104348/
Mr. Saturday Night;1992;www.imdb.com/title/tt0104928/
My Cousin Vinny;1992;www.imdb.com/title/tt0104952/
Husbands and Wives;1992;www.imdb.com/title/tt0104466/
Enchanted April;1992;www.imdb.com/title/tt0101811/
Damage;1992;www.imdb.com/title/tt0104237/
Schindler's List;1993;www.imdb.com/title/tt0108052/
The Fugitive;1993;www.imdb.com/title/tt0106977/
In the Name of the Father;1993;www.imdb.com/title/tt0107207/
The Piano;1993;www.imdb.com/title/tt0107822/
The Remains of the Day;1993;www.imdb.com/title/tt0107943/
Philadelphia;1993;www.imdb.com/title/tt0107818/
What's Love Got to do with it;1993;www.imdb.com/title/tt0108551/
Six Degrees of Separation;1993;www.imdb.com/title/tt0108149/
Shadowlands;1993;www.imdb.com/title/tt0108101/
What's Eating Gilbert Grape;1993;www.imdb.com/title/tt0108550/
In the Line of Fire;1993;www.imdb.com/title/tt0107206/
The Firm;1993;www.imdb.com/title/tt0106918/
Fearless;1993;www.imdb.com/title/tt0106881/
The Age of Innocence;1993;www.imdb.com/title/tt0106226/
Forrest Gump;1994;www.imdb.com/title/tt0109830/
Four Weddings and a Funeral;1994;www.imdb.com/title/tt0109831/
Pulp Fiction;1994;www.imdb.com/title/tt0110912/
Quiz Show;1994;www.imdb.com/title/tt0110932/
The Shawshank Redemption;1994;www.imdb.com/title/tt0111161/
The Madness of King George;1994;www.imdb.com/title/tt0110428/
Nobody's Fool;1994;www.imdb.com/title/tt0110684/
Blue Sky;1994;www.imdb.com/title/tt0109306/
Nell;1994;www.imdb.com/title/tt0110638/
Tom & Viv;1994;www.imdb.com/title/tt0111454/
Little Women;1994;www.imdb.com/title/tt0110367/
The Client;1994;www.imdb.com/title/tt0109446/
Ed Wood;1994;www.imdb.com/title/tt0109707/
Bullets over Broadway;1994;www.imdb.com/title/tt0109348/
Braveheart;1995;www.imdb.com/title/tt0112573/
Apollo 13;1995;www.imdb.com/title/tt0112384/
Babe;1995;www.imdb.com/title/tt0112431/
II Postino: The Postman;1995;www.imdb.com/title/tt0110877/
Sense and Sensibility;1995;www.imdb.com/title/tt0114388/
Leaving Las Vegas;1995;www.imdb.com/title/tt0113627/
Mr. Holland's Opus;1995;www.imdb.com/title/tt0113862/
Nixon;1995;www.imdb.com/title/tt0113987/
Dead Man Walking;1995;www.imdb.com/title/tt0112818/
Casino;1995;www.imdb.com/title/tt0112641/
The Bridges of Madison County;1995;www.imdb.com/title/tt0112579/
The Usual Suspects;1995;www.imdb.com/title/tt0114814/
12 Monkeys;1995;www.imdb.com/title/tt0114746/
Rob Roy;1995;www.imdb.com/title/tt0114287/
Mighty Aphrodite;1995;www.imdb.com/title/tt0113819/
Georgia;1995;www.imdb.com/title/tt0113158/
The English Patient;1996;www.imdb.com/title/tt0116209/
Fargo;1996;www.imdb.com/title/tt0116282/
Jerry Maguire;1996;www.imdb.com/title/tt0116695/
Secrets & Lies;1996;www.imdb.com/title/tt0117589/
Shine;1996;www.imdb.com/title/tt0117631/
The people vs. Larry Flynt;1996;www.imdb.com/title/tt0117318/
Sling Blade;1996;www.imdb.com/title/tt0117666/
Marvin's Room;1996;www.imdb.com/title/tt0116999/
Breaking the Waves;1996;www.imdb.com/title/tt0115751/
Primal Fea;1996;www.imdb.com/title/tt0117381/
Ghosts of Mississippi;1996;www.imdb.com/title/tt0116410/
The Crucible;1996;www.imdb.com/title/tt0115988/
The Mirror Has Two Faces;1996;www.imdb.com/title/tt0117057/
The Portrait of a Lady;1996;www.imdb.com/title/tt0117364/
Titanic;1997;www.imdb.com/title/tt0120338/
As Good as It Gets;1997;www.imdb.com/title/tt0119822/
The Full Monty;1997;www.imdb.com/title/tt0119164/
Good Will Hunting;1997;www.imdb.com/title/tt0119217/
L.A. Confidential;1997;www.imdb.com/title/tt0119488/
The Apostle;1997;www.imdb.com/title/tt0118632/
Ulee's Gold;1997;www.imdb.com/title/tt0120402/
Wag the Dog;1997;www.imdb.com/title/tt0120885/
The Wings of the Dove;1997;www.imdb.com/title/tt0120520/
Afterglow;1997;www.imdb.com/title/tt0118566/
Mrs Brown;1997;www.imdb.com/title/tt0119280/
Jackie Brown;1997;www.imdb.com/title/tt0119396/
Amistad;1997;www.imdb.com/title/tt0118607/
Boogie Nights;1997;www.imdb.com/title/tt0118749/
In & Out;1997;www.imdb.com/title/tt0119360/
Shakespeare in Love;1998;www.imdb.com/title/tt0138097/
Elizabeth;1998;www.imdb.com/title/tt0127536/
Life Is Beautiful;1998;www.imdb.com/title/tt0118799/
Saving Private Ryan;1998;www.imdb.com/title/tt0120815/
The Thin Red Line;1998;www.imdb.com/title/tt0120863/
Gods and Monsters;1998;www.imdb.com/title/tt0120684/
Affliction;1998;www.imdb.com/title/tt0118564/
American History X;1998;www.imdb.com/title/tt0120586/
Central Station;1998;www.imdb.com/title/tt0140888/
One True Thing;1998;www.imdb.com/title/tt0120776/
Hilary and Jackie;1998;www.imdb.com/title/tt0150915/
A Civil Action;1998;www.imdb.com/title/tt0120633/
The Truman Show;1998;www.imdb.com/title/tt0120382/
A Simple Plan;1998;www.imdb.com/title/tt0120324/
Primary Colors;1998;www.imdb.com/title/tt0119942/
Little Voice;1998;www.imdb.com/title/tt0147004/
American Beauty;1999;www.imdb.com/title/tt0169547/
The Cider House Rules;1999;www.imdb.com/title/tt0124315/
The Green Mile;1999;www.imdb.com/title/tt0120689/
The Insider;1999;www.imdb.com/title/tt0140352/
The Sixth Sense;1999;www.imdb.com/title/tt0167404/
The Straight Story;1999;www.imdb.com/title/tt0166896/
Sweet and Lowdown;1999;www.imdb.com/title/tt0158371/
Hurricane;1999;www.imdb.com/title/tt0174856/
Boys Don't Cry;1999;www.imdb.com/title/tt0171804/
Tumbleweeds;1999;www.imdb.com/title/tt0161023/
The End of the Affair;1999;www.imdb.com/title/tt0172396/
Music of the Heart;1999;www.imdb.com/title/tt0166943/
Magnolia;1999;www.imdb.com/title/tt0175880/
The Talented Mr. Ripley;1999;www.imdb.com/title/tt0134119/
Girl Interrupted;1999;www.imdb.com/title/tt0172493/
Being John Malkovich;1999;www.imdb.com/title/tt0120601/
Gladiator;2000;www.imdb.com/title/tt0172495/
Chocolat;2000;www.imdb.com/title/tt0241303/
Crouching Tiger Hidden Dragon;2000;www.imdb.com/title/tt0190332/
Erin Brockovich;2000;www.imdb.com/title/tt0195685/
Traffic;2000;www.imdb.com/title/tt0181865/
Before Night Falls;2000;www.imdb.com/title/tt0247196/
Cast Away;2000;www.imdb.com/title/tt0162222/
Pollock;2000;www.imdb.com/title/tt0183659/
Quills;2000;www.imdb.com/title/tt0180073/
The Contender;2000;www.imdb.com/title/tt0208874/
Requiem for a Dream;2000;www.imdb.com/title/tt0180093/
You Can Count on Me;2000;www.imdb.com/title/tt0203230/
Shadow of the Vampire;2000;www.imdb.com/title/tt0189998/
Billy Elliot;2000;www.imdb.com/title/tt0249462/
Almost Famous;2000;www.imdb.com/title/tt0181875/
A Beautiful Mind;2001;www.imdb.com/title/tt0268978/
Gosford Park;2001;www.imdb.com/title/tt0280707/
In the Bedroom;2001;www.imdb.com/title/tt0247425/
The Lord of the Rings: The Fellowship of the Ring;2001;www.imdb.com/title/tt0120737/
Moulin Rouge!;2001;www.imdb.com/title/tt0203009/
Training Day;2001;www.imdb.com/title/tt0139654/
I Am Sam;2001;www.imdb.com/title/tt0277027/
Monster's Ball;2001;www.imdb.com/title/tt0285742/
Ali;2001;www.imdb.com/title/tt0248667/
Iris;2001;www.imdb.com/title/tt0280778/
Bridget Jones's Diary;2001;www.imdb.com/title/tt0243155/
Sexy Beast;2001;www.imdb.com/title/tt0203119/
Chicago;2002;www.imdb.com/title/tt0299658/
Gangs of New York;2002;www.imdb.com/title/tt0217505/
The Hours;2002;www.imdb.com/title/tt0274558/
The Lord of the Rings: The Two Towers;2002;www.imdb.com/title/tt0167261/
The Pianist;2002;www.imdb.com/title/tt0253474/
Adaptation;2002;www.imdb.com/title/tt0268126/
The Quiet American;2002;www.imdb.com/title/tt0258068/
About Schmidt;2002;www.imdb.com/title/tt0257360/
Frida;2002;www.imdb.com/title/tt0120679/
Unfaithful;2002;www.imdb.com/title/tt0250797/
Far from Heaven;2002;www.imdb.com/title/tt0297884/
Road to Perdition;2002;www.imdb.com/title/tt0257044/
Catch Me If You Can;2002;www.imdb.com/title/tt0264464/
The Lord of the Rings: The Return of the King;2003;www.imdb.com/title/tt0167260/
Lost in Translation;2003;www.imdb.com/title/tt0335266/
Master and Commander: The Far Side of the World;2003;www.imdb.com/title/tt0311113/
Mystic River;2003;www.imdb.com/title/tt0327056/
Seabiscuit;2003;www.imdb.com/title/tt0329575/
Pirates of the Caribbean: The Curse of the Black Pearl;2003;www.imdb.com/title/tt0325980/
House of Sand and Fog;2003;www.imdb.com/title/tt0315983/
Cold Mountain;2003;www.imdb.com/title/tt0159365/
Monster;2003;www.imdb.com/title/tt0340855/
Whale Rider;2003;www.imdb.com/title/tt0298228/
Something's Gotta Give;2003;www.imdb.com/title/tt0337741/
In America;2003;www.imdb.com/title/tt0298845/
21 Grams;2003;www.imdb.com/title/tt0315733/
The Cooler;2003;www.imdb.com/title/tt0318374/
The Last Samurai;2003;www.imdb.com/title/tt0325710/
Pieces of April;2003;www.imdb.com/title/tt0311648/
Thirteen;2003;www.imdb.com/title/tt0328538/
Million Dollar Baby;2004;www.imdb.com/title/tt0405159/
The Aviator;2004;www.imdb.com/title/tt0338751/
Finding Neverland;2004;www.imdb.com/title/tt0308644/
Ray;2004;www.imdb.com/title/tt0350258/
Sideways;2004;www.imdb.com/title/tt0375063/
Hotel Rwanda;2004;www.imdb.com/title/tt0395169/
Being Julia;2004;www.imdb.com/title/tt0340012/
Maria Full of Grace;2004;www.imdb.com/title/tt0390221/
Vera Drake;2004;www.imdb.com/title/tt0383694/
Eternal Sunshine of the Spotless Mind;2004;www.imdb.com/title/tt0338013/
Collateral;2004;www.imdb.com/title/tt0369339/
Closer;2004;www.imdb.com/title/tt0376541/
Kinsey;2004;www.imdb.com/title/tt0362269/
Crash;2005;www.imdb.com/title/tt0375679/
Brokeback Mountain;2005;www.imdb.com/title/tt0388795/
Capote;2005;www.imdb.com/title/tt0379725/
Good Night and Good Luck;2005;www.imdb.com/title/tt0433383/
Munich;2005;www.imdb.com/title/tt0408306/
Hustle & Flow;2005;www.imdb.com/title/tt0379632/
Walk the Line;2005;www.imdb.com/title/tt0358273/
Mrs Henderson Presents;2005;www.imdb.com/title/tt0413015/
Transamerica;2005;www.imdb.com/title/tt0407265/
Pride & Prejudice;2005;www.imdb.com/title/tt3169706/
North Country;2005;www.imdb.com/title/tt0395972/
Syriana;2005;www.imdb.com/title/tt0365737/
Cinderella Man;2005;www.imdb.com/title/tt0352248/
A History of Violence;2005;www.imdb.com/title/tt0399146/
The Constant Gardener;2005;www.imdb.com/title/tt0387131/
Junebug;2005;www.imdb.com/title/tt0418773/
The Departed;2006;www.imdb.com/title/tt0407887/
Babel;2006;www.imdb.com/title/tt0449467/
Letters from Iwo Jima;2006;www.imdb.com/title/tt0498380/
Little Miss Sunshine;2006;www.imdb.com/title/tt0449059/
The Queen;2006;www.imdb.com/title/tt0436697/
The Last King of Scotland;2006;www.imdb.com/title/tt0455590/
Blood Diamond;2006;www.imdb.com/title/tt0450259/
Half Nelson;2006;www.imdb.com/title/tt0468489/
Venus;2006;www.imdb.com/title/tt0489327/
The Pursuit of Happyness;2006;www.imdb.com/title/tt0454921/
Volver;2006;www.imdb.com/title/tt0441909/
Notes on a Scandal;2006;www.imdb.com/title/tt0465551/
The Devil Wears Prada;2006;www.imdb.com/title/tt0458352/
Little Children;2006;www.imdb.com/title/tt0404203/
Dreamgirls;2006;www.imdb.com/title/tt0443489/
No Country for Old Men;2007;www.imdb.com/title/tt0477348/
Atonement;2007;www.imdb.com/title/tt0783233/
Juno;2007;www.imdb.com/title/tt0467406/
Michael Clayton;2007;www.imdb.com/title/tt0465538/
There Will Be Blood;2007;www.imdb.com/title/tt0469494/
Sweeney Todd: The Demon Barber of Fleet Street;2007;www.imdb.com/title/tt0408236/
In the Valley of Elah;2007;www.imdb.com/title/tt0478134/
Eastern Promises;2007;www.imdb.com/title/tt0765443/
La Vie en Rose;2007;www.imdb.com/title/tt0450188/
Elizabeth: The Golden Age;2007;www.imdb.com/title/tt0414055/
Away from Her;2007;www.imdb.com/title/tt0491747/
The Savages;2007;www.imdb.com/title/tt0775529/
The Assassination of Jesse James by the Coward Robert Ford;2007;www.imdb.com/title/tt0443680/
Charlie Wilson's War;2007;www.imdb.com/title/tt0472062/
Into the Wild;2007;www.imdb.com/title/tt0758758/
I'm Not There;2007;www.imdb.com/title/tt0368794/
American Gangster;2007;www.imdb.com/title/tt0765429/
Gone Baby Gone;2007;www.imdb.com/title/tt0452623/
Slumdog Millionaire;2008;www.imdb.com/title/tt1010048/
The Curious Case of Benjamin Button;2008;www.imdb.com/title/tt0421715/
Frost/Nixon;2008;www.imdb.com/title/tt0870111/
Milk;2008;www.imdb.com/title/tt1013753/
The Reader;2008;www.imdb.com/title/tt0976051/
The Visitor;2008;www.imdb.com/title/tt0857191/
The Wrestler;2008;www.imdb.com/title/tt1125849/
Rachel Getting Married;2008;www.imdb.com/title/tt1084950/
Changeling;2008;www.imdb.com/title/tt0824747/
Frozen River;2008;www.imdb.com/title/tt0978759/
Doubt;2008;www.imdb.com/title/tt0918927/
The Dark Knight;2008;www.imdb.com/title/tt0468569/
Tropic Thunder;2008;www.imdb.com/title/tt0942385/
Revolutionary Road;2008;www.imdb.com/title/tt0959337/
Vicky Cristina Barcelona;2008;www.imdb.com/title/tt0497465/
The Hurt Locker;2009;www.imdb.com/title/tt0887912/
Avatar;2009;www.imdb.com/title/tt0499549/
The Blind Side;2009;www.imdb.com/title/tt0878804/
District 9;2009;www.imdb.com/title/tt1136608/
An Education;2009;www.imdb.com/title/tt1174732/
Inglourious Basterds;2009;www.imdb.com/title/tt0361748/
Precious;2009;www.imdb.com/title/tt0929632/
A Serious Man;2009;www.imdb.com/title/tt1019452/
Up;2009;www.imdb.com/title/tt1049413/
Up in the Air;2009;www.imdb.com/title/tt1193138/
Crazy Heart;2009;www.imdb.com/title/tt1263670/
A Single Man;2009;www.imdb.com/title/tt1315981/
Invictus;2009;www.imdb.com/title/tt1057500/
The Last Station;2009;www.imdb.com/title/tt0824758/
Julie & Julia;2009;www.imdb.com/title/tt0421277/
The Messenger;2009;www.imdb.com/title/tt0790712/
The Lovely Bones;2009;www.imdb.com/title/tt0380510/
Nine;2009;www.imdb.com/title/tt0875034/
The King's Speech;2010;www.imdb.com/title/tt1504320/
127 Hours;2010;www.imdb.com/title/tt1542344/
Black Swan;2010;www.imdb.com/title/tt0947798/
The Fighter;2010;www.imdb.com/title/tt0964517/
Inception;2010;www.imdb.com/title/tt1375666/
The Kids Are All Right;2010;www.imdb.com/title/tt0842926/
The Social Network;2010;www.imdb.com/title/tt1285016/
Toy Story 3;2010;www.imdb.com/title/tt0435761/
True Grit;2010;www.imdb.com/title/tt1403865/
Winter's Bone;2010;www.imdb.com/title/tt1399683/
Biutiful;2010;www.imdb.com/title/tt1164999/
Rabbit Hole;2010;www.imdb.com/title/tt0935075/
Blue Valentine;2010;www.imdb.com/title/tt1120985/
The Town;2010;www.imdb.com/title/tt0840361/
Animal Kingdom;2010;www.imdb.com/title/tt1313092/
The Artist;2011;www.imdb.com/title/tt1655442/
The Descendants;2011;www.imdb.com/title/tt1033575/
Extremely Loud & Incredibly Close;2011;www.imdb.com/title/tt0477302/
The Help;2011;www.imdb.com/title/tt1454029/
Hugo;2011;www.imdb.com/title/tt0970179/
Midnight in Paris;2011;www.imdb.com/title/tt1605783/
Moneyball;2011;www.imdb.com/title/tt1210166/
The Tree of Life;2011;www.imdb.com/title/tt0478304/
War Horse;2011;www.imdb.com/title/tt1568911/
A Better Life;2011;www.imdb.com/title/tt1554091/
Tinker Tailor Soldier Spy;2011;www.imdb.com/title/tt1340800/
The Iron Lady;2011;www.imdb.com/title/tt1007029/
Albert Nobbs;2011;www.imdb.com/title/tt1602098/
The Girl with the Dragon Tattoo;2011;www.imdb.com/title/tt1568346/
My Week with Marilyn;2011;www.imdb.com/title/tt1655420/
Beginners;2011;www.imdb.com/title/tt1532503/
Warrior;2011;www.imdb.com/title/tt1291584/
Bridesmaids;2011;www.imdb.com/title/tt1478338/
Argo;2012;www.imdb.com/title/tt1024648/
Amour;2012;www.imdb.com/title/tt1602620/
Beasts of the Southern Wild;2012;www.imdb.com/title/tt2125435/
Django Unchained;2012;www.imdb.com/title/tt1853728/
Les Misérables;2012;www.imdb.com/title/tt1707386/
Life of Pi;2012;www.imdb.com/title/tt0454876/
Lincoln;2012;www.imdb.com/title/tt0443272/
Silver Linings Playbook;2012;www.imdb.com/title/tt1045658/
Zero Dark Thirty;2012;www.imdb.com/title/tt1790885/
The Master;2012;www.imdb.com/title/tt1560747/
Flight;2012;www.imdb.com/title/tt1907668/
The Impossible;2012;www.imdb.com/title/tt1649419/
The Sessions;2012;www.imdb.com/title/tt1866249/
12 Years a Slave;2013;www.imdb.com/title/tt2024544/
American Hustle;2013;www.imdb.com/title/tt1800241/
Captain Phillips;2013;www.imdb.com/title/tt1535109/
Dallas Buyers Club;2013;www.imdb.com/title/tt0790636/
Gravity;2013;www.imdb.com/title/tt1454468/
Her;2013;www.imdb.com/title/tt1798709/
Nebraska;2013;www.imdb.com/title/tt1821549/
Philomena;2013;www.imdb.com/title/tt2431286/
The Wolf of Wall Street;2013;www.imdb.com/title/tt0993846/
Blue Jasmine;2013;www.imdb.com/title/tt2334873/
August: Osage County;2013;www.imdb.com/title/tt1322269/
Birdman or (The Unexpected Virtue of Ignorance);2014;www.imdb.com/title/tt2562232/
American Sniper;2014;www.imdb.com/title/tt2179136/
Boyhood;2014;www.imdb.com/title/tt1065073/
The Grand Budapest Hotel;2014;www.imdb.com/title/tt2278388/
The Imitation Game;2014;www.imdb.com/title/tt2084970/
Selma;2014;www.imdb.com/title/tt1020072/
The Theory of Everything;2014;www.imdb.com/title/tt2980516/
Whiplash;2014;www.imdb.com/title/tt2582802/
Foxcatcher;2014;www.imdb.com/title/tt1100089/
Still Alice;2014;www.imdb.com/title/tt3316960/
Two Days One Night;2014;www.imdb.com/title/tt2737050/
Gone Girl;2014;www.imdb.com/title/tt2267998/
Wild;2014;www.imdb.com/title/tt2305051/
The Judge;2014;www.imdb.com/title/tt1872194/
Into the Woods;2014;www.imdb.com/title/tt2180411/
Spotlight;2015;www.imdb.com/title/tt1895587/
The Big Short;2015;www.imdb.com/title/tt1596363/
Bridge of Spies;2015;www.imdb.com/title/tt3682448/
Brooklyn;2015;www.imdb.com/title/tt2381111/
Mad Max: Fury Road;2015;www.imdb.com/title/tt1392190/
The Martian;2015;www.imdb.com/title/tt3659388/
The Revenant;2015;www.imdb.com/title/tt1663202/
Room;2015;www.imdb.com/title/tt3170832/
Trumbo;2015;www.imdb.com/title/tt3203606/
Steve Jobs;2015;www.imdb.com/title/tt2080374/
The Danish Girl;2015;www.imdb.com/title/tt0810819/
Carol;2015;www.imdb.com/title/tt2402927/
Joy;2015;www.imdb.com/title/tt2446980/
45 Years;2015;www.imdb.com/title/tt3544082/
Creed;2015;www.imdb.com/title/tt3076658/
The Hateful Eight;2015;www.imdb.com/title/tt3460252/
Moonlight;2016;www.imdb.com/title/tt4975722/
Arrival;2016;www.imdb.com/title/tt2543164/
Fences;2016;www.imdb.com/title/tt2671706/
Hacksaw Ridge;2016;www.imdb.com/title/tt2119532/
Hell or High Water;2016;www.imdb.com/title/tt2582782/
Hidden Figures;2016;www.imdb.com/title/tt4846340/
La La Land;2016;www.imdb.com/title/tt3783958/
Lion;2016;www.imdb.com/title/tt3741834/
Manchester by the Sea;2016;www.imdb.com/title/tt4034228/
Captain Fantastic;2016;www.imdb.com/title/tt3553976/
Elle;2016;www.imdb.com/title/tt3716530/
Loving;2016;www.imdb.com/title/tt4669986/
Jackie;2016;www.imdb.com/title/tt1619029/
Florence Foster Jenkins;2016;www.imdb.com/title/tt4136084/
Nocturnal Animals;2016;www.imdb.com/title/tt4550098/
